<?xml version="1.0" encoding="UTF-8"?>
<project-private xmlns="http://www.netbeans.org/ns/project-private/1">
    <editor-bookmarks xmlns="http://www.netbeans.org/ns/editor-bookmarks/2" lastBookmarkId="0"/>
    <open-files xmlns="http://www.netbeans.org/ns/projectui-open-files/2">
        <group>
            <file>file:/C:/Users/HELLO/Desktop/PRJ/TestDatabase/TestDatabase/src/java/filters/MagazineRequestCounterFilter.java</file>
            <file>file:/C:/Users/HELLO/Desktop/PRJ/TestDatabase/TestDatabase/web/magazine_list.jsp</file>
            <file>file:/C:/Users/HELLO/Desktop/PRJ/TestDatabase/TestDatabase/web/WEB-INF/web.xml</file>
            <file>file:/C:/Users/HELLO/Desktop/PRJ/TestDatabase/TestDatabase/web/index.jsp</file>
            <file>file:/C:/Users/HELLO/Desktop/PRJ/TestDatabase/TestDatabase/web/META-INF/context.xml</file>
            <file>file:/C:/Users/HELLO/Desktop/PRJ/TestDatabase/TestDatabase/src/java/Repository/MagazineDB.java</file>
            <file>file:/C:/Users/HELLO/Desktop/PRJ/TestDatabase/TestDatabase/src/java/controller/addMagazineServlet.java</file>
            <file>file:/C:/Users/HELLO/Desktop/PRJ/TestDatabase/TestDatabase/src/java/model/Magazine.java</file>
            <file>file:/C:/Users/HELLO/Desktop/PRJ/TestDatabase/TestDatabase/src/java/connection_config/DBinfo.java</file>
        </group>
    </open-files>
</project-private>
